0,Asia
1,Asia
2,Asia
3,Europe
4,North America
5,Europe
6,Asia
7,Asia
8,Europe
9,North America
10,North America
11,Europe
12,Europe
13,Europe
14,Europe
15,Europe
16,Europe
17,Europe
18,Europe
19,North America
20,North America
21,North America
22,North America
23,North America
24,Europe
25,Europe
26,North America
27,North America
28,North America
29,Asia
30,Europe
31,North America
32,North America
33,North America
34,North America
35,Oceania
36,Asia
37,Europe
38,Europe
39,North America
40,North America
41,North America
42,Asia
43,Asia
44,Asia
45,North America
46,Europe
47,Europe
48,Europe
49,Europe
50,Europe
51,Europe
52,Asia
53,Asia
54,Asia
55,North America
56,North America
57,North America
58,Asia
59,Asia
60,Europe
61,Europe
62,Oceania
63,Oceania
64,Asia
65,Asia
66,Asia
67,North America
68,Asia
69,Europe
70,Europe
71,Europe
72,Oceania
73,North America
74,North America
75,Asia
76,Asia
77,Asia
78,Asia
79,Asia
80,Asia
81,Asia
82,Europe
83,Europe
84,Europe
85,Europe
86,Europe
87,Europe
88,Europe
89,North America
90,North America
91,Europe
92,Oceania
93,Oceania
94,North America
95,North America
96,Asia
97,North America
98,Asia
99,North America
100,Asia
101,Asia
102,North America
103,North America
104,North America
105,North America
106,North America
107,Europe
108,Europe
109,North America
110,North America
111,Europe
112,Asia
113,Asia
114,Asia
115,North America
116,Oceania
117,North America
118,North America
119,Oceania
120,Oceania
121,Oceania
122,Oceania
123,North America
124,North America
125,North America
126,North America
127,Oceania
128,Oceania
129,Oceania
130,North America
131,North America
132,North America
133,North America
134,Europe
135,Europe
136,Europe
137,North America
138,North America
139,North America
140,Europe
141,Europe
142,North America
143,North America
144,North America
145,North America
146,North America
147,Oceania
148,North America
149,Europe
150,Europe
151,North America
152,North America
153,North America
154,North America
155,Asia
156,Oceania
157,Europe
158,Europe
159,Europe
160,Europe
161,Europe
162,North America
163,Europe
164,Asia
165,Asia
166,Europe
167,Europe
168,Asia
169,Asia
170,Asia
171,Asia
172,Asia
173,North America
174,North America
175,North America
176,North America
177,North America
178,North America
179,North America
180,Asia
181,North America
182,North America
183,North America
184,North America
185,Asia
186,Asia
187,Asia
188,Europe
189,Europe
190,Europe
191,Europe
192,North America
193,North America
194,North America
195,Oceania
196,Europe
197,North America
198,North America
199,North America
200,North America
201,North America
202,Asia
203,Asia
204,Asia
205,Asia
206,Europe
207,Europe
208,Europe
209,North America
210,Europe
211,Europe
212,North America
213,Asia
214,Asia
215,Asia
216,Asia
217,Asia
218,Asia
219,North America
220,North America
221,Europe
222,Europe
223,Europe
224,North America
225,North America
226,North America
227,Europe
228,Europe
229,Europe
230,Europe
231,North America
232,North America
233,Europe
234,Europe
235,Asia
236,Asia
237,North America
238,Europe
239,Europe
240,Europe
241,Europe
242,North America
243,North America
244,North America
245,North America
246,North America
247,Europe
248,Europe
249,Europe
250,Europe
251,Europe
252,North America
253,North America
254,North America
255,North America
256,North America
257,North America
258,Europe
259,Asia
260,Asia
261,Europe
262,North America
263,Europe
264,Europe
265,North America
266,Europe
267,Europe
268,Oceania
269,Oceania
270,North America
271,North America
272,North America
273,North America
274,North America
275,North America
276,North America
277,Europe
278,North America
279,Europe
280,Europe
281,Asia
282,Asia
283,Asia
284,Asia
285,North America
286,North America
287,Europe
288,North America
289,Europe
290,Asia
291,Asia
292,Asia
293,North America
294,North America
295,North America
296,North America
297,Asia
298,Asia
299,North America
300,Europe
301,North America
302,Asia
303,Asia
304,North America
305,Europe
306,Europe
307,Europe
308,Europe
309,Europe
310,North America
311,Asia
312,Asia
313,North America
314,North America
315,Europe
316,Asia
317,North America
318,Europe
319,Europe
320,North America
321,North America
322,North America
323,North America
324,North America
325,North America
326,North America
327,Oceania
328,Asia
329,Asia
330,Asia
331,Asia
332,North America
333,Asia
334,Asia
335,North America
336,North America
337,North America
338,Asia
339,Asia
340,Asia
341,Asia
342,North America
343,North America
344,North America
345,North America
346,North America
347,Asia
348,Asia
349,Europe
350,Oceania
351,North America
352,North America
353,North America
354,North America
355,North America
356,North America
357,Oceania
358,North America
359,North America
360,North America
361,North America
362,North America
363,Asia
364,Asia
365,Asia
366,North America
367,North America
368,North America
369,Europe
370,Europe
371,Europe
372,Asia
373,Asia
374,Asia
375,Asia
376,Asia
377,Asia
378,Asia
379,Europe
380,Asia
381,Asia
382,Asia
383,North America
384,North America
385,Asia
386,Asia
387,North America
388,North America
389,North America
390,Europe
391,Europe
392,North America
393,North America
394,North America
395,Asia
396,Asia
397,Asia
398,Asia
399,Asia
400,North America
401,North America
402,North America
403,North America
404,Europe
405,Europe
406,Asia
407,Asia
408,Asia
409,Asia
410,Asia
411,Asia
412,North America
413,North America
414,North America
415,North America
416,Europe
417,Europe
418,North America
419,Europe
420,Europe
421,Europe
422,North America
423,North America
424,Europe
425,Europe
426,Europe
427,North America
428,North America
429,North America
430,Europe
431,North America
432,Asia
433,Asia
434,Asia
435,Asia
436,North America
437,Europe
438,Europe
439,North America
440,North America
441,North America
442,North America
443,Europe
444,North America
445,North America
446,Asia
447,North America
448,North America
449,North America
450,Asia
451,Asia
452,North America
453,North America
454,Europe
455,Europe
456,Asia
457,Asia
458,Asia
459,Asia
460,Asia
461,Asia
462,Asia
463,Asia
464,Asia
465,Asia
466,Asia
467,Asia
468,Asia
469,Asia
470,Asia
471,Europe
472,Europe
473,Asia
474,Europe
475,North America
476,Europe
477,Europe
478,North America
479,Asia
480,North America
481,North America
482,North America
483,Asia
484,Asia
485,Asia
486,North America
487,North America
488,North America
489,Asia
490,Asia
491,Asia
492,North America
493,North America
494,Europe
495,Asia
496,Asia
497,Oceania
498,Asia
499,Asia
500,North America
501,North America
502,North America
503,Asia
504,Asia
505,Asia
506,Asia
507,North America
508,North America
509,North America
510,North America
511,Europe
512,Europe
513,Europe
514,Europe
515,North America
516,Europe
517,Europe
518,North America
519,Europe
520,Europe
521,Europe
522,Europe
523,North America
524,Oceania
525,Oceania
526,North America
527,North America
528,Europe
529,Europe
530,North America
531,North America
532,North America
533,North America
534,North America
535,North America
536,Oceania
537,Oceania
538,North America
539,North America
540,North America
541,North America
542,North America
543,North America
544,Asia
545,Asia
546,North America
547,North America
548,North America
549,North America
550,North America
551,Europe
552,Europe
553,North America
554,Asia
555,Asia
556,Europe
557,Europe
558,Europe
559,Europe
560,Europe
561,North America
562,North America
563,North America
564,North America
565,North America
566,North America
567,Europe
568,Europe
569,Europe
570,Oceania
571,Oceania
572,North America
573,Asia
574,North America
575,North America
576,North America
577,North America
578,North America
579,North America
580,Europe
581,Europe
582,Europe
583,Europe
584,Europe
585,Europe
586,North America
587,North America
588,North America
589,Asia
590,Asia
591,Asia
592,Asia
593,Asia
594,Asia
595,Asia
596,Asia
597,Europe
598,Oceania
599,Asia
600,North America
601,North America
602,North America
603,North America
604,North America
605,North America
606,Asia
607,Asia
608,Asia
609,Asia
610,Asia
611,North America
612,North America
613,North America
614,North America
615,North America
616,North America
617,North America
618,North America
619,Europe
620,Europe
621,North America
622,North America
623,North America
624,North America
625,Europe
626,Asia
627,Asia
628,Asia
629,Asia
630,Europe
631,Europe
632,Europe
633,Europe
634,Europe
635,North America
636,North America
637,Europe
638,North America
639,North America
640,North America
641,Asia
642,Asia
643,Asia
644,North America
645,Europe
646,North America
647,North America
648,Europe
649,Europe
650,North America
651,North America
652,North America
653,North America
654,North America
655,North America
656,North America
657,Asia
658,Asia
659,North America
660,North America
661,North America
662,North America
663,North America
664,North America
665,North America
666,North America
667,Europe
668,Europe
669,Europe
670,Europe
671,Europe
672,North America
673,North America
674,North America
675,North America
676,Europe
677,North America
678,North America
679,North America
680,North America
681,North America
682,North America
683,Asia
684,Asia
685,Asia
686,North America
687,North America
688,North America
689,North America
690,North America
691,North America
692,North America
693,North America
694,North America
695,North America
696,Europe
697,North America
698,Europe
699,Europe
700,Europe
701,Europe
702,Europe
703,Europe
704,Europe
705,Europe
706,North America
707,North America
708,Asia
709,Asia
710,North America
711,North America
712,North America
713,North America
714,Asia
715,North America
716,Asia
717,Asia
718,Asia
719,Asia
720,Asia
721,Oceania
722,Oceania
723,North America
724,Europe
725,Europe
726,Europe
727,Asia
728,Asia
729,Asia
730,North America
731,North America
732,North America
733,North America
734,North America
735,North America
736,North America
737,North America
738,Europe
739,Europe
740,Europe
741,North America
742,North America
743,North America
744,North America
745,North America
746,Asia
747,Asia
748,Asia
749,Asia
750,Asia
751,North America
752,Europe
753,North America
754,North America
755,North America
756,Europe
757,Europe
758,Europe
759,Europe
760,Asia
761,Asia
762,Asia
763,Asia
764,Asia
765,North America
766,Europe
767,Europe
768,Europe
769,North America
770,Europe
771,Asia
772,Asia
773,Asia
774,North America
775,Asia
776,Asia
777,Asia
778,Asia
779,North America
780,North America
781,North America
782,North America
783,North America
784,North America
785,North America
786,North America
787,North America
788,North America
789,North America
790,North America
791,Europe
792,Europe
793,North America
794,North America
795,North America
796,North America
797,North America
798,North America
799,North America
800,North America
801,North America
802,North America
803,North America
804,North America
805,North America
806,North America
807,North America
808,Europe
809,Europe
810,Europe
811,Europe
812,North America
813,North America
814,North America
815,North America
816,North America
817,North America
818,North America
819,North America
820,North America
821,North America
822,North America
823,Europe
824,Europe
825,Europe
826,Europe
827,North America
828,North America
829,North America
830,North America
831,North America
832,North America
833,North America
834,North America
835,North America
836,North America
837,North America
838,North America
839,Asia
840,North America
841,Asia
842,Asia
843,Europe
844,Asia
845,Asia
846,Asia
847,North America
848,North America
849,Asia
850,Europe
851,Europe
852,Asia
853,Asia
854,North America
855,North America
856,Europe
857,Europe
858,Europe
859,Europe
860,Europe
861,Europe
862,Europe
863,Asia
864,Asia
865,Asia
866,North America
867,North America
868,North America
869,North America
870,North America
871,North America
872,North America
873,North America
874,North America
875,North America
876,North America
877,North America
878,North America
879,Asia
880,North America
881,North America
882,North America
883,Europe
884,Europe
885,Europe
886,Europe
887,North America
888,North America
889,North America
890,North America
891,Asia
892,Asia
893,Asia
894,Asia
895,Asia
896,Asia
897,Asia
898,North America
899,North America
900,North America
901,North America
902,Europe
903,Europe
904,Europe
905,North America
906,North America
907,North America
908,Asia
909,North America
910,Europe
911,North America
912,Asia
913,North America
914,Asia
915,Europe
916,North America
917,North America
918,North America
919,North America
920,Europe
921,Europe
922,North America
923,Europe
924,Europe
925,North America
926,North America
927,North America
928,North America
929,Asia
930,Asia
931,North America
932,North America
933,North America
934,Asia
935,North America
936,North America
937,Europe
938,North America
939,North America
940,North America
941,Asia
942,Asia
943,Asia
944,Europe
945,Europe
946,North America
947,North America
948,North America
949,North America
950,North America
951,Asia
952,Asia
953,Asia
954,Asia
955,Asia
956,Asia
957,Asia
958,Asia
959,Asia
960,North America
961,North America
962,Asia
963,Asia
964,North America
965,North America
966,North America
967,Asia
968,Asia
969,Asia
970,North America
971,North America
972,North America
973,North America
974,North America
975,Asia
976,Asia
977,Asia
978,Asia
979,Asia
980,Asia
981,Asia
982,Asia
983,Asia
984,Europe
985,North America
986,Europe
987,Asia
988,Asia
989,Asia
990,North America
991,Asia
992,Asia
993,North America
994,North America
995,North America
996,North America
997,North America
998,North America
999,Oceania
1000,North America
1001,North America
1002,North America
1003,North America
1004,North America
1005,North America
1006,North America
1007,North America
1008,North America
1009,North America
1010,North America
1011,North America
1012,North America
1013,North America
1014,North America
1015,South America
1016,South America
1017,South America
1018,North America
1019,South America
1020,Asia
1021,Asia
1022,Asia
1023,Asia
1024,Asia
1025,Asia
1026,North America
1027,Europe
1028,Europe
1029,Europe
1030,North America
1031,North America
1032,North America
1033,North America
1034,North America
1035,North America
1036,North America
1037,North America
1038,North America
1039,North America
1040,North America
1041,North America
1042,North America
1043,North America
1044,Asia
1045,Asia
1046,North America
1047,North America
1048,North America
1049,North America
1050,North America
1051,Europe
1052,Europe
1053,Europe
1054,Europe
1055,Europe
1056,Europe
1057,Asia
1058,Europe
1059,Europe
1060,Europe
1061,North America
1062,Europe
1063,Europe
1064,North America
1065,North America
1066,North America
1067,Oceania
1068,Europe
1069,Europe
1070,North America
1071,North America
1072,North America
1073,North America
1074,North America
1075,North America
1076,North America
1077,North America
1078,Asia
1079,North America
1080,North America
1081,Asia
1082,Asia
1083,Asia
1084,North America
1085,North America
1086,North America
1087,North America
1088,Europe
1089,Europe
1090,Europe
1091,Europe
1092,Oceania
1093,Oceania
1094,North America
1095,North America
1096,Europe
1097,Asia
1098,Asia
1099,Asia
1100,Asia
1101,Asia
1102,Asia
1103,Asia
1104,Asia
1105,Asia
1106,Asia
1107,Asia
1108,Asia
1109,Asia
1110,Asia
1111,Asia
1112,Asia
1113,North America
1114,Europe
1115,Europe
1116,Europe
1117,Europe
1118,Europe
1119,Europe
1120,Europe
1121,Europe
1122,Europe
1123,Asia
1124,Asia
1125,Asia
1126,Asia
1127,Asia
1128,North America
1129,North America
1130,North America
1131,North America
1132,North America
1133,North America
1134,North America
1135,North America
1136,North America
1137,North America
1138,North America
1139,North America
1140,North America
1141,North America
1142,North America
1143,North America
1144,North America
1145,North America
1146,North America
1147,Asia
1148,Europe
1149,Europe
1150,Europe
1151,Europe
1152,Europe
1153,North America
1154,North America
1155,North America
1156,Asia
1157,Asia
1158,Asia
1159,Asia
1160,Europe
1161,Europe
1162,Europe
1163,North America
1164,North America
1165,Asia
1166,Asia
1167,Asia
1168,Asia
1169,Asia
1170,Asia
1171,Asia
1172,Asia
1173,Asia
1174,Asia
1175,Asia
1176,Asia
1177,Europe
1178,North America
1179,North America
1180,North America
1181,North America
1182,North America
1183,Europe
1184,North America
1185,North America
1186,North America
1187,Europe
1188,Europe
1189,Europe
1190,Europe
1191,Europe
1192,Asia
1193,Europe
1194,Oceania
1195,North America
1196,North America
1197,Europe
1198,Asia
1199,Asia
1200,Asia
1201,Asia
1202,North America
1203,North America
1204,North America
1205,North America
1206,North America
1207,North America
1208,Asia
1209,Asia
1210,Asia
1211,North America
1212,North America
1213,North America
1214,North America
1215,North America
1216,North America
1217,North America
1218,North America
1219,Oceania
1220,North America
1221,Asia
1222,Asia
1223,Asia
1224,Asia
1225,North America
1226,North America
1227,North America
1228,North America
1229,North America
1230,North America
1231,Europe
1232,Europe
1233,North America
1234,North America
1235,North America
1236,Oceania
1237,Oceania
1238,North America
1239,North America
1240,North America
1241,North America
1242,North America
1243,Europe
1244,Asia
1245,Asia
1246,North America
1247,North America
1248,North America
1249,Asia
1250,Asia
1251,North America
1252,North America
1253,North America
1254,North America
1255,Asia
1256,North America
1257,Europe
1258,Asia
1259,Europe
1260,North America
1261,North America
1262,North America
1263,North America
1264,Europe
1265,Europe
1266,North America
1267,North America
1268,Europe
1269,North America
1270,Europe
1271,Europe
1272,Europe
1273,North America
1274,North America
1275,North America
1276,North America
1277,Europe
1278,Europe
1279,Europe
1280,North America
1281,North America
1282,North America
1283,North America
1284,North America
1285,North America
1286,North America
1287,Asia
1288,North America
1289,North America
1290,North America
1291,North America
1292,North America
1293,North America
1294,Asia
1295,North America
1296,North America
1297,North America
1298,North America
1299,North America
1300,North America
1301,North America
1302,North America
1303,North America
1304,North America
1305,Asia
1306,Europe
1307,Europe
1308,Asia
1309,Europe
1310,Europe
1311,Europe
1312,North America
1313,North America
1314,Asia
1315,North America
1316,North America
1317,North America
1318,North America
1319,South America
1320,South America
1321,Europe
1322,Asia
1323,Asia
1324,North America
1325,North America
1326,Europe
1327,Asia
1328,Asia
1329,North America
1330,North America
1331,North America
1332,North America
1333,North America
1334,Europe
1335,Europe
1336,Europe
1337,Europe
1338,Europe
1339,Asia
1340,Asia
1341,Asia
1342,North America
1343,North America
1344,North America
1345,North America
1346,North America
1347,North America
1348,Asia
1349,North America
1350,North America
1351,Europe
1352,Oceania
1353,Oceania
1354,North America
1355,North America
1356,North America
1357,Europe
1358,North America
1359,North America
1360,North America
1361,North America
1362,Asia
1363,Asia
1364,North America
1365,North America
1366,North America
1367,Asia
1368,Asia
1369,Asia
1370,Asia
1371,Asia
1372,Asia
1373,North America
1374,Asia
1375,South America
1376,South America
1377,South America
1378,North America
1379,North America
1380,Asia
1381,Asia
1382,Asia
1383,North America
1384,North America
1385,North America
1386,Asia
1387,Asia
1388,Asia
1389,Asia
1390,Asia
1391,North America
1392,North America
1393,North America
1394,North America
1395,North America
1396,Asia
1397,Asia
1398,Asia
1399,Asia
1400,North America
1401,North America
1402,North America
1403,North America
1404,North America
1405,North America
1406,North America
1407,North America
1408,North America
1409,North America
1410,North America
1411,North America
1412,North America
1413,North America
1414,North America
1415,North America
1416,Europe
1417,Europe
1418,Europe
1419,Europe
1420,Asia
1421,North America
1422,North America
1423,North America
1424,North America
1425,Asia
1426,Asia
1427,Asia
1428,Asia
1429,Asia
1430,North America
1431,North America
1432,North America
1433,North America
1434,North America
1435,North America
1436,North America
1437,North America
1438,North America
1439,Europe
1440,Europe
1441,North America
1442,North America
1443,North America
1444,North America
1445,North America
1446,Asia
1447,North America
1448,Asia
1449,North America
1450,North America
1451,Europe
1452,Europe
1453,Europe
1454,Europe
1455,Europe
1456,Asia
1457,Asia
1458,Asia
1459,Asia
1460,North America
1461,North America
1462,North America
1463,Asia
1464,Asia
1465,Asia
1466,North America
1467,North America
1468,Europe
1469,Asia
1470,Asia
1471,Asia
1472,North America
1473,North America
1474,North America
1475,North America
1476,North America
1477,North America
1478,Europe
1479,North America
1480,North America
1481,North America
1482,North America
1483,North America
1484,North America
1485,Europe
1486,Europe
1487,Europe
1488,Europe
1489,Europe
1490,Europe
1491,Europe
1492,Europe
1493,North America
1494,North America
1495,North America
1496,North America
1497,North America
1498,Europe
1499,Europe
1500,Europe
1501,Asia
1502,Asia
1503,North America
1504,Asia
1505,Asia
1506,Asia
1507,Asia
1508,Asia
1509,North America
1510,Asia
1511,Asia
1512,Asia
1513,Europe
1514,Europe
1515,Asia
1516,Asia
1517,Asia
1518,Asia
1519,North America
1520,North America
1521,North America
1522,Europe
1523,North America
1524,North America
1525,North America
1526,Asia
1527,Europe
1528,Europe
1529,North America
1530,North America
1531,North America
1532,North America
1533,North America
1534,North America
1535,North America
1536,Asia
1537,Oceania
1538,North America
1539,Oceania
1540,Europe
1541,Europe
1542,Europe
1543,Europe
1544,Asia
1545,Asia
1546,Asia
1547,Asia
1548,Asia
1549,North America
1550,North America
1551,North America
1552,North America
1553,North America
1554,North America
1555,North America
1556,North America
1557,North America
1558,North America
1559,North America
1560,North America
1561,North America
1562,North America
1563,North America
1564,North America
1565,North America
1566,North America
1567,North America
1568,North America
1569,North America
1570,Europe
1571,Europe
1572,Europe
1573,Asia
1574,Asia
1575,North America
1576,North America
1577,North America
1578,North America
1579,North America
1580,North America
1581,North America
1582,Asia
1583,Asia
1584,Europe
1585,Europe
1586,Asia
1587,Asia
1588,North America
1589,North America
1590,North America
1591,North America
1592,Asia
1593,Asia
1594,North America
1595,Asia
1596,Asia
1597,North America
1598,Europe
1599,Europe
1600,North America
1601,North America
1602,Europe
1603,North America
1604,North America
1605,North America
1606,North America
1607,North America
1608,North America
1609,North America
1610,North America
1611,North America
1612,North America
1613,North America
1614,North America
1615,North America
1616,Europe
1617,Europe
1618,North America
1619,North America
1620,North America
1621,North America
1622,North America
1623,North America
1624,North America
1625,Europe
1626,North America
1627,North America
1628,Europe
1629,North America
1630,North America
1631,North America
1632,North America
1633,North America
1634,North America
1635,Europe
1636,North America
1637,Asia
1638,Asia
1639,Asia
1640,North America
1641,North America
1642,North America
1643,Asia
1644,North America
1645,Asia
1646,North America
1647,North America
1648,North America
1649,North America
1650,North America
1651,North America
1652,North America
1653,North America
1654,North America
1655,North America
1656,North America
1657,North America
1658,Oceania
1659,Europe
1660,Europe
1661,North America
1662,North America
1663,North America
1664,North America
1665,North America
1666,North America
1667,Oceania
1668,Europe
1669,North America
1670,North America
1671,North America
1672,North America
1673,North America
1674,North America
1675,North America
1676,Asia
1677,Asia
1678,Asia
1679,Asia
1680,Asia
1681,Asia
1682,North America
1683,North America
1684,Asia
1685,Europe
1686,Asia
1687,Asia
1688,Asia
1689,Asia
1690,North America
1691,North America
1692,Asia
1693,Asia
1694,Europe
1695,North America
1696,North America
1697,North America
1698,North America
1699,North America
1700,Europe
1701,Europe
1702,North America
1703,North America
1704,Europe
1705,Europe
1706,North America
1707,North America
1708,Asia
1709,North America
1710,Europe
1711,Europe
1712,Europe
1713,Europe
1714,Europe
1715,North America
1716,North America
1717,North America
1718,Europe
1719,Europe
1720,Asia
1721,North America
1722,Asia
1723,Asia
1724,Asia
1725,Asia
1726,North America
1727,Europe
1728,North America
1729,Europe
1730,North America
1731,North America
1732,North America
1733,North America
1734,Asia
1735,North America
1736,North America
1737,North America
1738,North America
1739,Europe
1740,North America
1741,North America
1742,North America
1743,Europe
1744,North America
1745,North America
1746,North America
1747,North America
1748,North America
1749,North America
1750,North America
1751,North America
1752,North America
1753,North America
1754,North America
1755,North America
1756,Europe
1757,Asia
1758,Asia
1759,Europe
1760,Oceania
1761,Oceania
1762,Europe
1763,Europe
1764,Europe
1765,North America
1766,North America
1767,North America
1768,North America
1769,North America
1770,North America
1771,North America
1772,North America
1773,North America
1774,North America
1775,North America
1776,North America
1777,North America
1778,North America
1779,Asia
1780,Europe
1781,Europe
1782,North America
1783,North America
1784,North America
1785,North America
1786,North America
1787,Asia
1788,Asia
1789,Asia
1790,Asia
1791,North America
1792,North America
1793,North America
1794,North America
1795,North America
1796,North America
1797,North America
1798,North America
1799,North America
1800,North America
1801,North America
1802,North America
1803,North America
1804,North America
1805,North America
1806,North America
1807,North America
1808,Europe
1809,Europe
1810,Europe
1811,North America
1812,North America
1813,North America
1814,North America
1815,North America
1816,North America
1817,North America
1818,Europe
1819,North America
1820,North America
1821,North America
1822,North America
1823,North America
1824,North America
1825,Europe
1826,Europe
1827,North America
1828,Asia
1829,North America
1830,North America
1831,North America
1832,North America
1833,Europe
1834,Oceania
1835,Europe
1836,Europe
1837,Asia
1838,Asia
1839,Asia
1840,Asia
1841,North America
1842,North America
1843,North America
1844,North America
1845,North America
1846,North America
1847,North America
1848,Europe
1849,North America
1850,North America
1851,Europe
1852,Europe
1853,Europe
1854,Europe
1855,Asia
1856,North America
1857,North America
1858,Europe
1859,Europe
1860,Europe
1861,Europe
1862,Europe
1863,North America
1864,North America
1865,North America
1866,North America
1867,North America
1868,North America
1869,North America
1870,North America
1871,North America
1872,North America
1873,North America
1874,North America
1875,North America
1876,Europe
1877,Europe
1878,North America
1879,North America
1880,North America
1881,North America
1882,North America
1883,Europe
1884,Europe
1885,Europe
1886,Europe
1887,North America
1888,North America
1889,North America
1890,North America
1891,North America
1892,Europe
1893,North America
1894,North America
1895,North America
1896,North America
1897,North America
1898,North America
1899,North America
1900,Oceania
1901,North America
1902,North America
1903,North America
1904,Europe
1905,Europe
1906,Europe
1907,Europe
1908,Europe
1909,Europe
1910,Europe
1911,North America
1912,North America
1913,North America
1914,North America
1915,North America
1916,North America
1917,North America
1918,North America
1919,North America
1920,North America
1921,North America
1922,North America
1923,North America
1924,North America
1925,Europe
1926,Asia
1927,North America
1928,North America
1929,North America
1930,North America
1931,North America
1932,North America
1933,North America
1934,Europe
1935,North America
1936,North America
1937,North America
1938,North America
1939,Europe
1940,Europe
1941,North America
1942,North America
1943,North America
1944,North America
1945,North America
1946,North America
1947,North America
1948,North America
1949,North America
1950,Europe
1951,Europe
1952,Europe
1953,Europe
1954,Europe
1955,North America
1956,North America
1957,North America
1958,North America
1959,North America
1960,North America
1961,Europe
1962,Europe
1963,Europe
1964,North America
1965,North America
1966,North America
1967,Europe
1968,North America
1969,North America
1970,North America
1971,North America
1972,North America
1973,North America
1974,North America
1975,North America
1976,North America
1977,North America
1978,Europe
1979,North America
1980,Europe
1981,North America
1982,Europe
1983,Europe
1984,North America
1985,Asia
1986,Asia
1987,Asia
1988,Asia
1989,Asia
1990,Asia
1991,North America
1992,Asia
1993,Asia
1994,North America
1995,Asia
1996,Asia
1997,North America
1998,North America
1999,North America
2000,North America
2001,North America
2002,Asia
2003,Asia
2004,North America
2005,North America
2006,North America
2007,Europe
2008,Europe
2009,Europe
2010,Europe
2011,North America
2012,North America
2013,North America
2014,North America
2015,North America
2016,North America
2017,North America
2018,North America
2019,North America
2020,North America
2021,North America
2022,Europe
2023,Asia
2024,Asia
2025,Asia
2026,Asia
2027,North America
2028,North America
2029,Asia
2030,Europe
2031,North America
2032,North America
2033,North America
2034,North America
2035,North America
2036,North America
2037,North America
2038,North America
2039,North America
2040,Europe
2041,Europe
2042,Europe
2043,Asia
2044,Asia
2045,Asia
2046,Europe
2047,Europe
2048,North America
2049,North America
2050,North America
2051,North America
2052,North America
2053,North America
2054,Europe
2055,Asia
2056,Asia
2057,Asia
2058,South America
2059,South America
2060,South America
2061,Europe
2062,North America
2063,North America
2064,North America
2065,North America
2066,North America
2067,Asia
2068,Asia
2069,Europe
2070,North America
2071,North America
2072,Europe
2073,North America
2074,North America
2075,North America
2076,North America
2077,North America
2078,North America
2079,North America
2080,North America
2081,North America
2082,Europe
2083,Europe
2084,North America
2085,North America
2086,North America
2087,North America
2088,Asia
2089,Asia
2090,Europe
2091,Europe
2092,North America
2093,Europe
2094,Europe
2095,North America
2096,North America
2097,North America
2098,Oceania
2099,Oceania
2100,North America
2101,North America
2102,Asia
2103,Asia
2104,Asia
2105,North America
2106,North America
2107,Asia
2108,North America
2109,North America
2110,North America
2111,North America
2112,North America
2113,North America
2114,Europe
2115,Europe
2116,Europe
2117,Europe
2118,North America
2119,Europe
2120,North America
2121,North America
2122,North America
2123,North America
2124,North America
2125,North America
2126,Europe
2127,Europe
2128,Europe
2129,North America
2130,North America
2131,North America
2132,Asia
2133,Asia
2134,Europe
2135,North America
2136,North America
2137,North America
2138,North America
2139,Asia
2140,Europe
2141,Europe
2142,North America
2143,Asia
2144,North America
2145,North America
2146,North America
2147,North America
2148,North America
2149,North America
2150,North America
2151,North America
2152,North America
2153,Europe
2154,North America
2155,North America
2156,North America
2157,North America
2158,North America
2159,North America
2160,North America
2161,North America
2162,North America
2163,North America
2164,Asia
2165,North America
2166,North America
2167,Asia
2168,Asia
2169,Asia
2170,Asia
2171,Asia
2172,Asia
2173,Europe
2174,North America
2175,Europe
2176,North America
2177,Europe
2178,Europe
2179,Europe
2180,Europe
2181,Europe
2182,North America
2183,North America
2184,North America
2185,North America
2186,North America
2187,North America
2188,North America
2189,North America
2190,North America
2191,North America
2192,North America
2193,North America
2194,North America
2195,North America
2196,North America
2197,Europe
2198,North America
2199,North America
2200,North America
2201,North America
2202,North America
2203,North America
2204,North America
2205,Europe
2206,Europe
2207,Europe
2208,North America
2209,Asia
2210,Asia
2211,Europe
2212,Asia
2213,North America
2214,North America
2215,North America
2216,Asia
2217,Europe
2218,Europe
2219,Europe
2220,North America
2221,North America
2222,North America
2223,North America
2224,North America
2225,Europe
2226,North America
2227,North America
2228,North America
2229,North America
2230,North America
2231,North America
2232,North America
2233,North America
2234,Europe
2235,North America
2236,Oceania
2237,Oceania
2238,North America
2239,North America
2240,North America
2241,North America
2242,Europe
2243,North America
2244,North America
2245,Asia
2246,North America
2247,Europe
2248,Europe
2249,North America
2250,Europe
2251,North America
2252,North America
2253,Europe
2254,North America
2255,North America
2256,North America
2257,North America
2258,North America
2259,North America
2260,North America
2261,North America
2262,North America
2263,North America
2264,Asia
2265,North America
2266,North America
2267,Europe
2268,Europe
2269,Europe
2270,Europe
2271,Europe
2272,Asia
2273,Europe
2274,Europe
2275,Asia
2276,Europe
2277,Europe
2278,Europe
2279,Europe
2280,Europe
2281,North America
2282,North America
2283,North America
2284,North America
2285,North America
2286,North America
2287,North America
2288,North America
2289,North America
2290,North America
2291,North America
2292,North America
2293,Europe
2294,Asia
2295,Europe
2296,Europe
2297,Asia
2298,Asia
2299,North America
2300,Asia
2301,Europe
2302,North America
2303,North America
2304,North America
2305,North America
2306,North America
2307,Europe
2308,Europe
2309,North America
2310,North America
2311,Europe
2312,Europe
2313,North America
2314,North America
2315,North America
2316,North America
2317,North America
2318,North America
2319,North America
2320,North America
2321,North America
2322,North America
2323,North America
2324,North America
2325,North America
2326,Europe
2327,Europe
2328,Europe
2329,Europe
2330,Europe
2331,Europe
2332,North America
2333,Oceania
2334,Oceania
2335,Oceania
2336,Asia
2337,Europe
2338,North America
2339,North America
2340,Europe
2341,North America
2342,North America
2343,North America
2344,North America
2345,Asia
2346,Europe
2347,Asia
2348,Asia
2349,North America
2350,North America
2351,North America
2352,North America
2353,Europe
2354,Oceania
2355,Oceania
2356,Oceania
2357,North America
2358,North America
2359,Europe
2360,Europe
2361,Europe
2362,Europe
2363,North America
2364,North America
2365,Europe
2366,Europe
2367,Europe
2368,Europe
2369,Europe
2370,North America
2371,North America
2372,Asia
2373,North America
2374,Europe
2375,North America
2376,North America
2377,North America
2378,North America
2379,Europe
2380,Europe
2381,North America
2382,North America
2383,North America
2384,North America
2385,North America
2386,North America
2387,Europe
2388,Asia
2389,Asia
2390,Asia
2391,Europe
2392,Europe
2393,North America
2394,North America
2395,North America
2396,North America
2397,North America
2398,North America
2399,North America
2400,North America
2401,Asia
2402,Europe
2403,Europe
2404,Oceania
2405,North America
2406,Europe
2407,Europe
2408,Europe
2409,Europe
2410,North America
2411,North America
2412,North America
2413,Europe
2414,Europe
2415,Europe
2416,Europe
2417,Europe
2418,Europe
2419,Europe
2420,North America
2421,North America
2422,Asia
2423,Asia
2424,North America
2425,North America
2426,Europe
2427,North America
2428,North America
2429,Europe
2430,Europe
2431,Europe
2432,Asia
2433,North America
2434,Europe
2435,North America
2436,North America
2437,North America
2438,Oceania
2439,Oceania
2440,Europe
2441,Europe
2442,North America
2443,North America
2444,Europe
2445,Europe
2446,Europe
2447,Europe
2448,Europe
2449,Europe
2450,Asia
2451,North America
2452,Europe
2453,North America
2454,Europe
2455,Europe
2456,North America
2457,North America
2458,North America
2459,North America
2460,North America
2461,North America
2462,Europe
2463,Europe
2464,Europe
2465,North America
2466,North America
2467,Asia
2468,Asia
2469,Europe
2470,Europe
2471,Europe
2472,North America
2473,North America
2474,North America
2475,North America
2476,North America
2477,Europe
2478,Europe
2479,Europe
2480,North America
2481,North America
2482,Europe
2483,Europe
2484,Europe
2485,Europe
2486,Europe
2487,Europe
2488,North America
2489,Asia
2490,Asia
2491,North America
2492,North America
2493,North America
2494,North America
2495,North America
2496,North America
2497,North America
2498,Asia
2499,North America
2500,North America
2501,North America
2502,North America
2503,North America
2504,Europe
2505,Europe
2506,Asia
2507,Asia
2508,Europe
2509,North America
2510,Europe
2511,Europe
2512,Europe
2513,North America
2514,North America
2515,Asia
2516,Asia
2517,Asia
2518,North America
2519,North America
2520,North America
2521,Europe
2522,Europe
2523,Europe
2524,Europe
2525,North America
2526,North America
2527,North America
2528,Europe
2529,Europe
2530,North America
2531,Europe
2532,Europe
2533,Europe
2534,North America
2535,North America
2536,North America
2537,North America
2538,North America
2539,North America
2540,North America
2541,North America
2542,North America
2543,North America
2544,North America
2545,Europe
2546,North America
2547,North America
2548,North America
2549,North America
2550,North America
2551,North America
2552,North America
2553,Europe
2554,Europe
2555,Asia
2556,North America
2557,North America
2558,North America
2559,Asia
2560,Asia
2561,North America
2562,North America
2563,North America
2564,North America
2565,Asia
2566,Asia
2567,Asia
2568,North America
2569,North America
2570,Europe
2571,North America
2572,Asia
2573,Asia
2574,Asia
2575,North America
2576,Oceania
2577,Oceania
2578,Europe
2579,Europe
2580,Europe
2581,Europe
2582,Europe
2583,Europe
2584,North America
2585,North America
2586,North America
2587,Oceania
2588,North America
2589,North America
2590,North America
2591,North America
2592,North America
2593,Asia
2594,Asia
2595,Asia
2596,Asia
2597,Asia
2598,Europe
2599,North America
2600,North America
2601,North America
2602,North America
2603,North America
2604,Oceania
2605,North America
2606,North America
2607,Europe
2608,Europe
2609,Europe
2610,Europe
2611,North America
2612,North America
2613,North America
2614,North America
2615,Europe
2616,Europe
2617,North America
2618,North America
2619,North America
2620,Europe
2621,Europe
2622,North America
2623,North America
2624,North America
2625,North America
2626,North America
2627,North America
2628,North America
2629,Asia
2630,Asia
2631,Oceania
2632,Oceania
2633,Europe
2634,North America
2635,Asia
2636,North America
2637,North America
2638,North America
2639,Asia
2640,Asia
2641,Asia
2642,North America
2643,Europe
2644,North America
2645,Europe
2646,North America
2647,Asia
2648,Asia
2649,Europe
2650,Europe
2651,Europe
2652,Europe
2653,Asia
2654,Asia
2655,Asia
2656,North America
2657,North America
2658,North America
2659,North America
2660,North America
2661,North America
2662,Europe
2663,Europe
2664,North America
2665,North America
2666,North America
2667,North America
2668,North America
2669,North America
2670,North America
2671,North America
2672,North America
2673,North America
2674,Europe
2675,Europe
2676,Europe
2677,Europe
2678,North America
2679,North America
2680,North America
2681,North America
2682,North America
2683,North America
2684,Europe
2685,Europe
2686,North America
2687,Europe
2688,Europe
2689,Europe
2690,Europe
2691,Europe
2692,Asia
2693,North America
2694,North America
2695,Europe
2696,North America
2697,North America
2698,Europe
2699,North America
2700,North America
2701,Europe
2702,Europe
2703,Europe
2704,Europe
2705,Asia
2706,North America
2707,Asia
2708,Asia
2709,Oceania
2710,North America
2711,North America
2712,North America
2713,North America
2714,North America
2715,North America
2716,Europe
2717,Europe
2718,Europe
2719,Europe
2720,Europe
2721,Europe
2722,Europe
2723,North America
2724,Europe
2725,North America
2726,North America
2727,North America
2728,North America
2729,North America
2730,North America
2731,North America
2732,Europe
2733,North America
2734,North America
2735,North America
2736,North America
2737,North America
2738,North America
2739,Europe
2740,South America
2741,North America
2742,Asia
2743,Asia
2744,Europe
2745,North America
2746,North America
2747,North America
2748,North America
2749,North America
2750,North America
2751,North America
2752,Asia
2753,Asia
2754,Asia
2755,Asia
2756,Asia
2757,Asia
2758,Asia
2759,Asia
2760,Asia
2761,Asia
2762,Asia
2763,Asia
2764,Asia
2765,Asia
2766,Asia
2767,Asia
2768,Asia
2769,Asia
2770,Asia
2771,Asia
2772,Asia
2773,Asia
2774,Asia
2775,North America
2776,Asia
2777,Asia
2778,Asia
2779,North America
2780,North America
2781,North America
2782,North America
2783,North America
2784,North America
2785,North America
2786,North America
2787,North America
2788,North America
2789,North America
2790,North America
2791,North America
2792,North America
2793,North America
2794,North America
2795,North America
2796,North America
2797,North America
2798,Asia
2799,North America
2800,North America
2801,North America
2802,North America
2803,North America
2804,North America
2805,Asia
2806,Asia
2807,Asia
2808,Asia
2809,North America
2810,North America
2811,North America
2812,North America
2813,North America
2814,North America
2815,North America
2816,Europe
2817,North America
2818,North America
2819,North America
2820,North America
2821,North America
2822,North America
2823,North America
2824,North America
2825,North America
2826,North America
2827,North America
2828,North America
2829,North America
2830,North America
2831,North America
2832,North America
2833,North America
2834,North America
2835,North America
2836,Oceania
2837,Oceania
2838,North America
2839,Asia
2840,Asia
2841,Asia
2842,North America
2843,North America
2844,North America
2845,Asia
2846,Europe
2847,Europe
2848,Europe
2849,North America
2850,North America
2851,Oceania
2852,Oceania
2853,Oceania
2854,North America
2855,Europe
2856,Europe
2857,Europe
2858,Europe
2859,Europe
2860,Europe
2861,Europe
2862,North America
2863,Europe
2864,North America
2865,North America
2866,North America
2867,Asia
2868,Asia
2869,North America
2870,North America
2871,North America
2872,North America
2873,Europe
2874,Europe
2875,North America
2876,North America
2877,Europe
2878,Europe
2879,Europe
2880,North America
2881,North America
2882,Europe
2883,Europe
2884,Europe
2885,North America
2886,North America
2887,North America
2888,North America
2889,North America
2890,Asia
2891,Asia
2892,North America
2893,North America
2894,North America
2895,North America
2896,North America
2897,North America
2898,North America
2899,Asia
2900,Asia
2901,Asia
2902,North America
2903,North America
2904,North America
2905,North America
2906,North America
2907,Europe
2908,Europe
2909,Europe
2910,North America
2911,North America
2912,North America
2913,North America
2914,North America
2915,North America
2916,North America
2917,North America
2918,North America
2919,North America
2920,Europe
2921,North America
2922,North America
2923,North America
2924,North America
2925,North America
2926,North America
2927,North America
2928,North America
2929,North America
2930,North America
2931,North America
2932,North America
2933,Oceania
2934,North America
2935,North America
2936,North America
2937,North America
2938,North America
2939,Europe
2940,Europe
2941,North America
2942,North America
2943,North America
2944,North America
2945,North America
2946,North America
2947,Europe
2948,Europe
2949,North America
2950,North America
2951,North America
2952,North America
2953,Europe
2954,North America
2955,Asia
2956,Asia
2957,Asia
2958,North America
2959,Europe
2960,Europe
2961,Asia
2962,North America
2963,North America
2964,Asia
2965,North America
2966,North America
2967,North America
2968,North America
2969,North America
2970,Asia
2971,Asia
2972,Asia
2973,North America
2974,North America
2975,Europe
2976,Europe
2977,North America
2978,Asia
2979,North America
2980,North America
2981,North America
2982,North America
2983,North America
2984,North America
2985,Asia
2986,Oceania
2987,Europe
2988,Europe
2989,North America
2990,North America
2991,North America
2992,North America
2993,Europe
2994,North America
2995,North America
2996,North America
2997,North America
2998,Asia
2999,North America
3000,Europe
3001,North America
3002,North America
3003,North America
3004,North America
3005,North America
3006,North America
3007,North America
3008,Europe
3009,Europe
3010,Europe
3011,Europe
3012,Europe
3013,Europe
3014,North America
3015,North America
3016,North America
3017,North America
3018,North America
3019,North America
3020,North America
3021,North America
3022,North America
3023,Oceania
3024,North America
3025,North America
3026,North America
3027,North America
3028,Europe
3029,Europe
3030,North America
3031,Europe
3032,North America
3033,North America
3034,North America
3035,Asia
3036,North America
3037,North America
3038,North America
3039,Europe
3040,Asia
3041,Asia
3042,North America
3043,North America
3044,Asia
3045,Asia
3046,North America
3047,Europe
3048,North America
3049,North America
3050,North America
3051,North America
3052,North America
3053,North America
3054,North America
3055,North America
3056,North America
3057,North America
3058,North America
3059,North America
3060,North America
3061,North America
3062,North America
3063,North America
3064,North America
3065,North America
3066,North America
3067,North America
3068,North America
3069,North America
3070,North America
3071,Europe
3072,North America
3073,North America
3074,North America
3075,North America
3076,North America
3077,Europe
3078,Europe
3079,Europe
3080,North America
3081,North America
3082,Europe
3083,Asia
3084,Europe
3085,Europe
3086,Asia
3087,Asia
3088,Asia
3089,North America
3090,North America
3091,North America
3092,North America
3093,North America
3094,North America
3095,North America
3096,Asia
3097,North America
3098,North America
3099,North America
3100,North America
3101,North America
3102,North America
3103,Europe
3104,Europe
3105,Europe
3106,North America
3107,North America
3108,North America
3109,Oceania
3110,Europe
3111,Europe
3112,North America
3113,North America
3114,North America
3115,North America
3116,North America
3117,North America
3118,Europe
3119,Europe
3120,Europe
3121,Europe
3122,North America
3123,North America
3124,Europe
3125,Europe
3126,Europe
3127,Europe
3128,Europe
3129,North America
3130,North America
3131,North America
3132,North America
3133,North America
3134,North America
3135,North America
3136,North America
3137,North America
3138,North America
3139,Europe
3140,Europe
3141,North America
3142,North America
3143,North America
3144,North America
3145,North America
3146,North America
3147,Europe
3148,Europe
3149,Europe
3150,Europe
3151,Europe
3152,Europe
3153,North America
3154,North America
3155,North America
3156,North America
3157,North America
3158,North America
3159,North America
3160,North America
3161,Asia
3162,North America
3163,North America
3164,North America
3165,Asia
3166,Asia
3167,North America
3168,North America
3169,North America
3170,North America
3171,North America
3172,North America
3173,North America
3174,North America
3175,Europe
3176,North America
3177,North America
3178,Europe
3179,Europe
3180,North America
3181,North America
3182,North America
3183,North America
3184,North America
3185,North America
3186,North America
3187,North America
3188,North America
3189,North America
3190,North America
3191,North America
3192,North America
3193,North America
3194,North America
3195,North America
3196,North America
3197,North America
3198,North America
3199,Europe
3200,Europe
3201,Asia
3202,Asia
3203,Asia
3204,Europe
3205,Europe
3206,Europe
3207,Europe
3208,Asia
3209,Asia
3210,Asia
3211,North America
3212,Asia
3213,Europe
3214,Europe
3215,Europe
3216,Europe
3217,North America
3218,Europe
3219,Europe
3220,Europe
3221,Europe
3222,Europe
3223,Oceania
3224,Oceania
3225,Asia
3226,Asia
3227,Oceania
3228,Oceania
3229,Europe
3230,Europe
3231,Europe
3232,Europe
3233,North America
3234,Europe
3235,Oceania
3236,Oceania
3237,Oceania
3238,Asia
3239,North America
3240,Europe
3241,Europe
3242,Asia
3243,Asia
3244,Asia
3245,Asia
3246,North America
3247,North America
3248,North America
3249,North America
3250,North America
3251,North America
3252,North America
3253,Asia
3254,Asia
3255,South America
3256,South America
3257,North America
3258,North America
3259,Europe
3260,North America
3261,Oceania
3262,North America
3263,North America
3264,Oceania
3265,Oceania
3266,Oceania
3267,Oceania
3268,North America
3269,North America
3270,North America
3271,North America
3272,Asia
3273,Asia
3274,Asia
3275,North America
3276,North America
3277,Europe
3278,Europe
3279,Europe
3280,North America
3281,North America
3282,North America
3283,North America
3284,North America
3285,Europe
3286,Europe
3287,Oceania
3288,North America
3289,North America
3290,North America
3291,North America
3292,North America
3293,North America
3294,North America
3295,North America
3296,North America
3297,North America
3298,North America
3299,North America
3300,Europe
3301,Asia
3302,Europe
3303,Oceania
3304,Oceania
3305,Oceania
3306,Oceania
3307,Europe
3308,North America
3309,North America
3310,North America
3311,Europe
3312,North America
3313,North America
3314,Asia
3315,Asia
3316,Asia
3317,Asia
3318,Europe
3319,Europe
3320,North America
3321,North America
3322,North America
3323,North America
3324,North America
3325,North America
3326,North America
3327,North America
3328,Asia
3329,Asia
3330,Asia
3331,Asia
3332,Asia
3333,Asia
3334,Asia
3335,Asia
3336,Asia
3337,Asia
3338,Asia
3339,Asia
3340,Asia
3341,Asia
3342,North America
3343,Asia
3344,North America
3345,North America
3346,Asia
3347,North America
3348,North America
3349,Europe
3350,Europe
3351,Europe
3352,Europe
3353,Europe
3354,Europe
3355,Europe
3356,Europe
3357,Europe
3358,Europe
3359,Europe
3360,North America
3361,North America
3362,North America
3363,Europe
3364,Europe
3365,Asia
3366,Asia
3367,Asia
3368,North America
3369,Europe
3370,Asia
3371,North America
3372,North America
3373,North America
3374,North America
3375,North America
3376,Asia
3377,Europe
3378,Europe
3379,Asia
3380,Asia
3381,Asia
3382,Asia
3383,Asia
3384,Asia
3385,Asia
3386,Asia
3387,Asia
3388,Asia
3389,Asia
3390,Asia
3391,Asia
3392,Asia
3393,Asia
3394,Asia
3395,Asia
3396,Asia
3397,Asia
3398,Asia
3399,North America
3400,North America
3401,Europe
3402,Europe
3403,North America
3404,Europe
3405,Europe
3406,Europe
3407,Europe
3408,Europe
3409,North America
3410,North America
3411,North America
3412,North America
3413,North America
3414,North America
3415,Europe
3416,Europe
3417,Europe
3418,Oceania
3419,Oceania
3420,Asia
3421,North America
3422,North America
3423,North America
3424,North America
3425,North America
3426,Asia
3427,Asia
3428,Asia
3429,Asia
3430,Asia
3431,Europe
3432,Europe
3433,Europe
3434,Asia
3435,Asia
3436,Asia
3437,Asia
3438,North America
3439,North America
3440,North America
3441,North America
3442,North America
3443,North America
3444,Oceania
3445,Oceania
3446,Europe
3447,Asia
3448,Asia
3449,Asia
3450,Asia
3451,Asia
3452,Europe
3453,Europe
3454,North America
3455,North America
3456,North America
3457,Europe
3458,North America
3459,Asia
3460,South America
3461,South America
3462,South America
3463,North America
3464,North America
3465,North America
3466,North America
3467,North America
3468,North America
3469,North America
3470,North America
3471,North America
3472,North America
3473,North America
3474,Europe
3475,North America
3476,North America
3477,North America
3478,North America
3479,Europe
3480,Oceania
3481,Oceania
3482,North America
3483,North America
3484,North America
3485,North America
3486,North America
3487,Oceania
3488,Oceania
3489,North America
3490,North America
3491,North America
3492,North America
3493,North America
3494,North America
3495,North America
3496,North America
3497,North America
3498,North America
3499,North America
3500,North America
3501,North America
3502,North America
3503,Asia
3504,Asia
3505,Asia
3506,Asia
3507,Asia
3508,Asia
3509,Asia
3510,Asia
3511,Oceania
3512,Asia
3513,Asia
3514,Asia
3515,North America
3516,Oceania
3517,Europe
3518,North America
3519,North America
3520,Europe
3521,Europe
3522,Europe
3523,Europe
3524,Europe
3525,North America
3526,North America
3527,Europe
3528,Europe
3529,Europe
3530,North America
3531,North America
3532,Asia
3533,Asia
3534,Asia
3535,Asia
3536,Asia
3537,Asia
3538,North America
3539,North America
3540,North America
3541,North America
3542,North America
3543,North America
3544,North America
3545,Europe
3546,North America
3547,Europe
3548,Europe
3549,Europe
3550,North America
3551,North America
3552,North America
3553,Asia
3554,North America
3555,Asia
3556,Europe
3557,Europe
3558,Asia
3559,Europe
3560,Europe
3561,North America
3562,North America
3563,North America
3564,North America
3565,North America
3566,North America
3567,North America
3568,Asia
3569,Europe
3570,Europe
3571,Europe
3572,Asia
3573,Asia
3574,Asia
3575,Asia
3576,North America
3577,Europe
3578,Europe
3579,Europe
3580,Europe
3581,Asia
3582,North America
3583,Europe
3584,Europe
3585,Europe
3586,Europe
3587,Europe
3588,Europe
3589,Europe
3590,Asia
3591,Asia
3592,North America
3593,North America
3594,North America
3595,North America
3596,North America
3597,Europe
3598,Europe
3599,Europe
3600,Oceania
3601,Asia
3602,Asia
3603,North America
3604,North America
3605,North America
3606,North America
3607,North America
3608,North America
3609,Europe
3610,Europe
3611,Asia
3612,Asia
3613,Asia
3614,Asia
3615,North America
3616,North America
3617,South America
3618,Asia
3619,Asia
3620,Asia
3621,Asia
3622,Asia
3623,Asia
3624,Asia
3625,Asia
3626,Asia
3627,Asia
3628,Asia
3629,Asia
3630,Asia
3631,Asia
3632,Asia
3633,Asia
3634,Asia
3635,Asia
3636,Asia
3637,North America
3638,North America
3639,Asia
3640,Asia
3641,Europe
3642,Europe
3643,Europe
3644,North America
3645,North America
3646,North America
3647,North America
3648,North America
3649,North America
3650,North America
3651,North America
3652,North America
3653,North America
3654,North America
3655,North America
3656,South America
3657,South America
3658,South America
3659,Asia
3660,Asia
3661,Asia
3662,Asia
3663,Asia
3664,Asia
3665,North America
3666,Europe
3667,North America
3668,Asia
3669,North America
3670,Europe
3671,Europe
3672,Europe
3673,Europe
3674,Europe
3675,North America
3676,North America
3677,North America
3678,North America
3679,North America
3680,North America
3681,Asia
3682,Asia
3683,Asia
3684,Asia
3685,Asia
3686,North America
3687,North America
3688,North America
3689,North America
3690,North America
3691,Europe
3692,Europe
3693,North America
3694,Europe
3695,Europe
3696,North America
3697,North America
3698,North America
3699,North America
3700,North America
3701,North America
3702,North America
3703,Europe
3704,Oceania
3705,North America
3706,Asia
3707,Asia
3708,Asia
3709,Europe
3710,Asia
3711,North America
3712,North America
3713,Asia
3714,Asia
3715,North America
3716,Asia
3717,North America
3718,Asia
3719,North America
3720,North America
3721,North America
3722,Asia
3723,Asia
3724,Asia
3725,Asia
3726,Asia
3727,North America
3728,North America
3729,North America
3730,Asia
3731,Asia
3732,Europe
3733,Asia
3734,Europe
3735,Asia
3736,North America
3737,North America
3738,North America
3739,North America
3740,North America
3741,North America
3742,North America
3743,North America
3744,North America
3745,North America
3746,Asia
3747,Asia
3748,Oceania
3749,Asia
3750,Europe
3751,North America
3752,North America
3753,North America
3754,North America
3755,North America
3756,North America
3757,North America
3758,North America
3759,South America
3760,South America
3761,Europe
3762,North America
3763,Europe
3764,North America
3765,Europe
3766,Europe
3767,Europe
3768,Europe
3769,North America
3770,North America
3771,Europe
3772,Europe
3773,Europe
3774,Europe
3775,Asia
3776,Asia
3777,Asia
3778,Asia
3779,Asia
3780,Asia
3781,Asia
3782,Asia
3783,Asia
3784,Asia
3785,Asia
3786,Asia
3787,Asia
3788,Asia
3789,Asia
3790,Asia
3791,Asia
3792,North America
3793,North America
3794,North America
3795,North America
3796,North America
3797,North America
3798,North America
3799,North America
3800,North America
3801,North America
3802,North America
3803,North America
3804,North America
3805,North America
3806,Asia
3807,Asia
3808,Oceania
3809,Oceania
3810,Asia
3811,North America
3812,North America
3813,North America
3814,Asia
3815,Asia
3816,Asia
3817,North America
3818,Asia
3819,Asia
3820,North America
3821,North America
3822,North America
3823,North America
3824,North America
3825,North America
3826,North America
3827,North America
3828,North America
3829,Asia
3830,Asia
3831,Asia
3832,Asia
3833,Asia
3834,North America
3835,North America
3836,North America
3837,North America
3838,North America
3839,North America
3840,North America
3841,North America
3842,North America
3843,North America
3844,North America
3845,North America
3846,North America
3847,North America
3848,North America
3849,North America
3850,North America
3851,North America
3852,North America
3853,Europe
3854,Europe
3855,Europe
3856,Europe
3857,North America
3858,Asia
3859,North America
3860,Asia
3861,Asia
3862,Asia
3863,Asia
3864,Asia
3865,Asia
3866,Asia
3867,North America
3868,North America
3869,North America
3870,North America
3871,North America
3872,North America
3873,Asia
3874,Asia
3875,Asia
3876,Oceania
3877,Asia
3878,Asia
3879,Asia
3880,Asia
3881,Asia
3882,Asia
3883,Europe
3884,Europe
3885,Europe
3886,Asia
3887,South America
3888,North America
3889,North America
3890,North America
3891,North America
3892,North America
3893,North America
3894,North America
3895,North America
3896,North America
3897,Asia
3898,Asia
3899,Asia
3900,Asia
3901,Asia
3902,North America
3903,North America
3904,North America
3905,North America
3906,Europe
3907,Europe
3908,Europe
3909,Europe
3910,Europe
3911,Europe
3912,Europe
3913,Europe
3914,Asia
3915,Asia
3916,North America
3917,North America
3918,North America
3919,North America
3920,Asia
3921,Oceania
3922,North America
3923,Asia
3924,Europe
3925,North America
3926,North America
3927,North America
3928,North America
3929,North America
3930,North America
3931,North America
3932,North America
3933,North America
3934,North America
3935,Asia
3936,Asia
3937,Europe
3938,Europe
3939,Asia
3940,North America
3941,North America
3942,North America
3943,North America
3944,North America
3945,North America
3946,North America
3947,North America
3948,Asia
3949,North America
3950,North America
3951,North America
3952,Europe
3953,Europe
3954,Europe
3955,Europe
3956,Europe
3957,Europe
3958,Asia
3959,Asia
3960,Asia
3961,Asia
3962,Europe
3963,North America
3964,North America
3965,Europe
3966,Europe
3967,Europe
3968,Europe
3969,Europe
3970,Europe
3971,Europe
3972,Asia
3973,Asia
3974,Asia
3975,North America
3976,North America
3977,North America
3978,North America
3979,North America
